epoch,train_loss,eval_loss,eval_top1,eval_top5
0,6.939319399450098,6.93138711780059,0.22941626306398163,0.6627580932959469
