epoch,train_loss,eval_loss,eval_top1,eval_top5
0,6.943767070770264,6.937373235198944,0.1019367991845056,0.509683995922528
1,6.928884387016296,6.921229676490651,0.0764525993883792,0.5606523955147809
2,6.925354719161987,6.870976034897426,0.509683995922528,1.6309887867090533
