epoch,train_loss,eval_loss,eval_top1,eval_top5
0,6.931704612878653,6.917778020172119,0.0979999999666214,0.4899999999332428
1,6.780328842309805,6.10049667388916,2.526000012512207,8.056000016479492
2,6.525156901432918,5.334424425506592,7.044000001220703,19.72600001098633
3,6.298700277621929,4.678507788467408,13.648000068359375,31.744000109863283
4,6.0281758308410645,4.195666749420166,19.486000045166016,41.296000075683594
